{
  "project_info": {
    "project_number": "815405289545",
    "firebase_url": "https://android-5221c.firebaseio.com",
    "project_id": "android-5221c",
    "storage_bucket": "android-5221c.appspot.com"
  },
  "client": [
    {
      "client_info": {
        "mobilesdk_app_id": "1:815405289545:android:fca7a43b2b12ec07326f98",
        "android_client_info": {
          "package_name": "hr.tvz.android.fragmentiherceg"
        }
      },
      "oauth_client": [
        {
          "client_id": "815405289545-6aaupq144gad6a03tfnbf7eab2cjbka2.apps.googleusercontent.com",
          "client_type": 3
        }
      ],
      "api_key": [
        {
          "current_key": "AIzaSyDah4kk7l_Sq6TfVM0ZRNzLI9rM7e9y4zs"
        }
      ],
      "services": {
        "appinvite_service": {
          "other_platform_oauth_client": [
            {
              "client_id": "815405289545-6aaupq144gad6a03tfnbf7eab2cjbka2.apps.googleusercontent.com",
              "client_type": 3
            }
          ]
        }
      }
    }
  ],
  "configuration_version": "1"
}